<?xml version="1.0" encoding="utf-8" ?>
<component name="HelloWorld" extends="Scene"> 
	<children>

<Group
    id="contenedorPrincipal"
    width="1280"
    height="720"
    translation="[0, 0]"
>
    
    <Rectangle
        id="miCuadrado1"
        color="0xFFFFFF"
        width="100"
        height="100"
        translation="[200, 200]"
    >
        
        <Poster
            id="imagen1"
            uri="pkg:/images/boca.jpeg"
            width="100"
            height="100"
        />
    </Rectangle>

    <Rectangle
        id="miCuadrado2"
        color="0xFFFFFF"
        width="100"
        height="100"
        translation="[410, 200]"
    >
        
        <Poster
            id="imagen2"
            uri="pkg:/images/boca.jpeg"
            width="100"
            height="100"
        />
    </Rectangle>

    <Rectangle
        id="miCuadrado3"
        color="0xFFFFFF"
        width="100"
        height="100"
        translation="[610, 200]"
    >
    
        <Poster
            id="imagen3"
            uri="pkg:/images/boca.jpeg"
            width="100"
            height="100"
        />
    </Rectangle>

        <Rectangle
        id="miCuadrado3"
        color="0xFFFFFF"
        width="100"
        height="100"
        translation="[810, 200]"
    >
    
        <Poster
            id="imagen3"
            uri="pkg:/images/boca.jpeg"
            width="100"
            height="100"
        />
    </Rectangle>

 

    <Label
        id="myLabel"
        text="FRANCINA ❤️"
        width="1280"
        height="720"
        horizAlign="center"
        vertAlign="center"
    />
</Group>


    

    </children>
<!-- BrightScript Portion -->
<script type="text/brightscript" >
<![CDATA[
  '** 
  '** Example: Edit a Label size and color with BrightScript
  '**

  function init()
    m.top.setFocus(true)
    m.myLabel = m.top.findNode("myLabel")
    
    'Set the font size
    m.myLabel.font.size=152

    'Set the color to light blue
    m.myLabel.color="0x72D7EEFF"

    '**
    '** The full list of editable attributes can be located at:
    '** http://sdkdocs.roku.com/display/sdkdoc/Label#Label-Fields
    '**
  end function
]]>
</script>
<!-- End of BrightScript Portion -->
</component>
